PROVINCE,DISTRICT,ASC,AI RANGE
EASTERN ,Batticaloa,Vaharai,Kathiravelly
EASTERN ,Batticaloa,Vaharai,Vaharai
EASTERN ,Batticaloa,Vaharai,Panichchankerni
EASTERN ,Batticaloa,Vaharai,Mankenny
EASTERN ,Batticaloa,Valaichchenai,Oddamavadi
EASTERN ,Batticaloa,Valaichchenai,Thiyavattavan
EASTERN ,Batticaloa,Valaichchenai,Valaichchenai
EASTERN ,Batticaloa,Kiran,Koravely
EASTERN ,Batticaloa,Kiran,Kiran
EASTERN ,Batticaloa,Kiran,Kudumbimalai
EASTERN ,Batticaloa,Vantharumoolai,Vantharumoolai
EASTERN ,Batticaloa,Vantharumoolai,Sittandy
EASTERN ,Batticaloa,Eravur Town,Eravur Town
EASTERN ,Batticaloa,Karadiyanaru,Kayankudah
EASTERN ,Batticaloa,Karadiyanaru,Karadiyanaru
EASTERN ,Batticaloa,Karadiyanaru,Kiththul
EASTERN ,Batticaloa,Karadiyanaru,Rugam
EASTERN ,Batticaloa,Ayithyamalai,Karavetti
EASTERN ,Batticaloa,Ayithyamalai,Ayithyamalai
EASTERN ,Batticaloa,Ayithyamalai,Unnichchi
EASTERN ,Batticaloa,Mandapathady,Mandapathadi
EASTERN ,Batticaloa,Mandapathady,Panchenai
EASTERN ,Batticaloa,Mandapathady,Kaanchirankudah
EASTERN ,Batticaloa,Kokkadichcholai,Kokkadichcholai
EASTERN ,Batticaloa,Kokkadichcholai,Mavadimunmaari
EASTERN ,Batticaloa,Kokkadichcholai,Kadukkamunai
EASTERN ,Batticaloa,Thanthamalai,Thanthamalai
EASTERN ,Batticaloa,Palugaman,Palugaman
EASTERN ,Batticaloa,Palugaman,Kanthipuram
EASTERN ,Batticaloa,Palugaman,Thikkodai
EASTERN ,Batticaloa,Vellavelly,Palayadivattai
EASTERN ,Batticaloa,Vellavelly,Vellavelly
EASTERN ,Batticaloa,Vellavelly,Kaakkachchivaddai
EASTERN ,Batticaloa,Mandoor,Ranamadu
EASTERN ,Batticaloa,Mandoor,Mandoor
EASTERN ,Batticaloa,Kallady,Saththurukoandan
EASTERN ,Batticaloa,Kallady,Kallady
EASTERN ,Batticaloa,Kattankudy,Kattankudy
EASTERN ,Batticaloa,Araiyampathy,Araiyampathy
EASTERN ,Batticaloa,Araiyampathy,Kirankulam
EASTERN ,Batticaloa,Kaluwanchikudy,Cheddipalayam
EASTERN ,Batticaloa,Kaluwanchikudy,Kaluthawalai
EASTERN ,Batticaloa,Kaluwanchikudy,Kaluwanchikudy
EASTERN ,Ampara,Mahaoya,Mahaoya
EASTERN ,Ampara,Mahaoya,Bubula
EASTERN ,Ampara,Mahaoya,Borapola
EASTERN ,Ampara,Mahaoya,Harsagala
EASTERN ,Ampara,Padiyathalawa,Padiyathalawa
EASTERN ,Ampara,Padiyathalawa,Serankada
EASTERN ,Ampara,Uhana,Mayadunna
EASTERN ,Ampara,Uhana,Rajagalatenna
EASTERN ,Ampara,Uhana,Galapitagala
EASTERN ,Ampara,Uhana,Werenketagoda
EASTERN ,Ampara,Uhana,Galahitiyagoda
EASTERN ,Ampara,Uhana,Himidurawa
EASTERN ,Ampara,Uhana,Udagirigama
EASTERN ,Ampara,Uhana,Udayapura
EASTERN ,Ampara,Uhana,Kumarigama
EASTERN ,Ampara,Uhana,Weeragoda
EASTERN ,Ampara,Uhana,Thissapura
EASTERN ,Ampara,Uhana,Weheragama
EASTERN ,Ampara,Uhana,Ruhunugama
EASTERN ,Ampara,Lahugala,Lahugala
EASTERN ,Ampara,Lahugala,Hulannuge
EASTERN ,Ampara,Lahugala,Shasthrawela
EASTERN ,Ampara,Lahugala,Panama
EASTERN ,Trincomalee,Padavi Sripura,Padavisiripura
EASTERN ,Trincomalee,Padavi Sripura,Samanpura
EASTERN ,Trincomalee,Pulmoddai,Jinna Nagar
EASTERN ,Trincomalee,Pulmoddai,Pulmoddai
EASTERN ,Trincomalee,Kuchchaveli,Kuchchaveli
EASTERN ,Trincomalee,Kuchchaveli,Thiriyay
EASTERN ,Trincomalee,Gomarankadawela,Gomarankadawela
EASTERN ,Trincomalee,Gomarankadawela,Medawachchiya
EASTERN ,Trincomalee,Nilaveli,Nilaveli
EASTERN ,Trincomalee,Nilaveli,Kumpurupitty
EASTERN ,Trincomalee,Morawewa,Mahadivulwewa
EASTERN ,Trincomalee,Morawewa,Pankulam
EASTERN ,Trincomalee,Morawewa,Namalwaththa
EASTERN ,Trincomalee,Uppuveli,Samapalthevu
EASTERN ,Trincomalee,Uppuveli,Uppuveli
EASTERN ,Trincomalee,Uppuveli,Kappalthurai
EASTERN ,Trincomalee,Thampalagamam,Thampalagamam
EASTERN ,Trincomalee,Thampalagamam,Galmetiyawa
EASTERN ,Trincomalee,Mullipoththanai,Sirajnagar
EASTERN ,Trincomalee,Mullipoththanai,Mullipotana
EASTERN ,Trincomalee,Kurincharkerny,Nadooththu
EASTERN ,Trincomalee,Kurincharkerny,Kurincharkerny
EASTERN ,Trincomalee,Kurincharkerny,Ayliady
EASTERN ,Trincomalee,Kinniya,Kinniya
EASTERN ,Trincomalee,Kinniya,Alankerny
EASTERN ,Trincomalee,Kantale,Gantalawa
EASTERN ,Trincomalee,Kantale,Kantale
EASTERN ,Trincomalee,Kantale,Peraru
EASTERN ,Trincomalee,Vanela,Vanela
EASTERN ,Trincomalee,Vanela,Jayanthipura
EASTERN ,Trincomalee,Agbopura,Agbopura
EASTERN ,Trincomalee,Agbopura,Sooriyapura
EASTERN ,Trincomalee,Muthur,Ralkully
EASTERN ,Trincomalee,Muthur,Muthur
EASTERN ,Trincomalee, Sampoor,Sampoor
EASTERN ,Trincomalee, Sampoor,Senaiyoor
EASTERN ,Trincomalee,Munnampodiveddai,Munnampodiveddai
EASTERN ,Trincomalee,Munnampodiveddai,Kanguvelly
EASTERN ,Trincomalee,Seruvila,Tanganagar
EASTERN ,Trincomalee,Seruvila,Somapura
EASTERN ,Trincomalee,Seruvila,Serunuwara
EASTERN ,Trincomalee,Kiliveddi,Kiliveddi
EASTERN ,Trincomalee,Thopoor,Thopoor
EASTERN ,Trincomalee,Thopoor,Pallikkudiyiruppu
EASTERN ,Trincomalee,Eachchilampattu,Ilankaithurai
EASTERN ,Trincomalee,Eachchilampattu,Echchalampattu
EASTERN ,Trincomalee,Eachchilampattu,Verugal
NORTH CENTRAL,Anuradhapura,Kebithigollewa,Kebithigollewa
NORTH CENTRAL,Anuradhapura,Kapugollewa,Kapugollewa
NORTH CENTRAL,Anuradhapura,Athakada,Athakada
NORTH CENTRAL,Anuradhapura,Horowpathana,Horowpathana
NORTH CENTRAL,Anuradhapura,Rathmalgahawewa,Rathmalgahawewa
NORTH CENTRAL,Anuradhapura,Kallanchiya,Kallanchiya
NORTH CENTRAL,Anuradhapura,Kahatagasdigiliya,Kahatagasdigiliya
NORTH CENTRAL,Anuradhapura,Konwewa,Konwewa
NORTH CENTRAL,Anuradhapura,Parangiyawadiya,Parangiyawadiya
NORTH CENTRAL,Anuradhapura,Poonewa,Poonewa
NORTH CENTRAL,Anuradhapura,Medawachchiya,Medawachchiya
NORTH CENTRAL,Anuradhapura,Rambewa,Rambewa
NORTH CENTRAL,Anuradhapura,Mihintale,Mihintale
NORTH CENTRAL,Anuradhapura,Gambirigaswewa,Gambirigaswewa
NORTH CENTRAL,Anuradhapura,Anuradhapura,Anuradhapura
NORTH CENTRAL,Anuradhapura,Galenbindunuwewa,Galenbindunuwewa
NORTH CENTRAL,Anuradhapura,Siwalakulama,Siwalakulama
NORTH CENTRAL,Anuradhapura,Thirappane,Thirappane
NORTH CENTRAL,Anuradhapura,Yakalla,Yakalla
NORTH CENTRAL,Anuradhapura,Muriyakadawala,Muriyakadawala
NORTH CENTRAL,Anuradhapura,Kekirawa,Kekirawa
NORTH CENTRAL,Anuradhapura,Palugaswewa,Palugaswewa
NORTH CENTRAL,Anuradhapura,Maradankadawala,Maradankadawala
NORTH CENTRAL,Anuradhapura,Ipalogama,Ipalogama
NORTH CENTRAL,Anuradhapura,Negampaha,Negampaha
NORTH CENTRAL,Anuradhapura,Palagala,Palagala
NORTH CENTRAL,Anuradhapura,Andiyagala,Andiyagala
NORTH CENTRAL,Anuradhapura,Katiyawa,Eppawala
NORTH CENTRAL,Anuradhapura,Thalawa,Thalawa
NORTH CENTRAL,Anuradhapura,Elayapaththuwa,Elayapaththuwa
NORTH CENTRAL,Anuradhapura,Nochchiyagama,Nochchiyagama
NORTH CENTRAL,Anuradhapura,Ranorawa,Ranorawa
NORTH CENTRAL,Anuradhapura,Elayapaththuwa,Elayapaththuwa
NORTH CENTRAL,Anuradhapura,Thanthirimale,Thanthirimale
NORTH CENTRAL,Polonnaruwa,Higurakgoda,Hingurakgoda
NORTH CENTRAL,Polonnaruwa,Higurakgoda,Minneriya
NORTH CENTRAL,Polonnaruwa,Higurakgoda,Siriketha
NORTH CENTRAL,Polonnaruwa,Higurakgoda,Yodaela
NORTH CENTRAL,Polonnaruwa,Higurakgoda,Hathamuna/Moragaswawa
NORTH CENTRAL,Polonnaruwa,Medirigiriya,Manik Horowwa
NORTH CENTRAL,Polonnaruwa,Medirigiriya,Diggalpura
NORTH CENTRAL,Polonnaruwa,Medirigiriya,Kusumpokuna
NORTH CENTRAL,Polonnaruwa,Medirigiriya,Wijayapura
NORTH CENTRAL,Polonnaruwa,Medirigiriya, Medirigiriya
NORTH CENTRAL,Polonnaruwa,Giritale,Jayanthipura
NORTH CENTRAL,Polonnaruwa,Giritale,Girithale Janapadaya
NORTH CENTRAL,Polonnaruwa,New Town,Kadawalawawa
NORTH CENTRAL,Polonnaruwa,New Town,Parakrama Samudraya
NORTH CENTRAL,Polonnaruwa,New Town,Thopawawa
NORTH CENTRAL,Polonnaruwa,New Town,Kaduruwela
NORTH CENTRAL,Polonnaruwa,Sevagama,Singhapura
NORTH CENTRAL,Polonnaruwa,Sevagama,Monarathanna
NORTH CENTRAL,Polonnaruwa,Sevagama,Onagama
NORTH CENTRAL,Polonnaruwa,Pulastigama,Lankapura
NORTH CENTRAL,Polonnaruwa,Pulastigama,Sanghabodhigama
UVA PROVINCE,Badulla,Mahiyanganaya,Mahiyanganaya
UVA PROVINCE,Badulla,Mahiyanganaya,Dambana
UVA PROVINCE,Badulla,Nagadeepa,Nagadeepa
UVA PROVINCE,Badulla,Ridimaliyadda,Ridimaliyadda 2
UVA PROVINCE,Badulla,Ridimaliyadda,Ridimaliyadda 1
UVA PROVINCE,Badulla,Karametiya,Meegahakivula 1
UVA PROVINCE,Badulla,Karametiya,Thaldena
UVA PROVINCE,Badulla,Wiyaluwa,Wiyaluwa
UVA PROVINCE,Badulla,Batmedilla,Kandaketiya
UVA PROVINCE,Badulla,Batmedilla,Galauda
UVA PROVINCE,Badulla,Ridipana,Ridipana
UVA PROVINCE,Badulla,Ridipana,Kohowila
UVA PROVINCE,Badulla,Haliela,Haliela
UVA PROVINCE,Badulla,Haliela,Ketawala
UVA PROVINCE,Badulla,Ridipana,Ridipana
UVA PROVINCE,Badulla,Rambukpotha,Rambukpotha
UVA PROVINCE,Badulla,Madolsima,Kahataruppa
UVA PROVINCE,Badulla,Madolsima,Madolsima
UVA PROVINCE,Badulla,Lunugala,Lunugala
UVA PROVINCE,Badulla,Lunugala,Peessagama
UVA PROVINCE,Badulla,Passara,Kendagolla
UVA PROVINCE,Badulla,Passara,Pelgahathenna
UVA PROVINCE,Badulla,Goradiyawaka,Goradiyawaka
UVA PROVINCE,Badulla,Goradiyawaka,Medagama
UVA PROVINCE,Badulla,Ballaketuwa,Ballaketuwa
UVA PROVINCE,Badulla,Kubalwela,Kubalwela
UVA PROVINCE,Badulla,Bandarawela,Haputhale
UVA PROVINCE,Badulla,Bandarawela,Liyangahawela
UVA PROVINCE,Badulla,Bandarawela,Bandarawela
UVA PROVINCE,Badulla,Atampitiya,Perahettiya
UVA PROVINCE,Badulla,Diyathalawa,Diyathalawa
UVA PROVINCE,Badulla,Nikapotha,Nikapotha
UVA PROVINCE,Badulla,Diyaluma,Diyaluma
UVA PROVINCE,Badulla,Haldunmulla,Haldunmulla
UVA PROVINCE,Badulla,Haldunmulla,Kosgama
UVA PROVINCE,Badulla,Boralanda,Maligathenna
UVA PROVINCE,Badulla,Boralanda,Boralanda
UVA PROVINCE,Badulla,Boralanda,Pitapola
UVA PROVINCE,Badulla,Dambavinna,Merahawatta
UVA PROVINCE,Badulla,Dambavinna,Dambawinna
UVA PROVINCE,Badulla,Dambavinna,Dikkapitiya
UVA PROVINCE,Badulla,Tennekubura,Bogahakumbura
UVA PROVINCE,Badulla,Tennekubura,Kalubululanda
UVA PROVINCE,Badulla,Tennekubura,Thennakonwela
UVA PROVINCE,Badulla,Tennekubura,Nedungamuwa
UVA PROVINCE,Badulla,Keppetipola,Keppetipola
UVA PROVINCE,Badulla,Keppetipola,Ambewela
UVA PROVINCE,Badulla,Keppetipola,Welimada
UVA PROVINCE,Badulla,Kotawera,Kotawera
UVA PROVINCE,Badulla,Kotawera,Udaperuwa
UVA PROVINCE,Badulla,Keppetipola,Keppetipola
UVA PROVINCE,Badulla,Keppetipola,Boragas
UVA PROVINCE,Badulla,Yatipalatha,Ambagasdowa
UVA PROVINCE,Badulla,Yatipalatha,Medawela
UVA PROVINCE,Badulla,Yatipalatha,Pallewela
UVA PROVINCE,Badulla,Uva Paranagama,Uva Paranagama
UVA PROVINCE,Badulla,Uva Paranagama,Uduhawara
UVA PROVINCE,Badulla,Sapugolla / Keevanagama,Sapugolla
UVA PROVINCE,Badulla,Sapugolla / Keevanagama,Lunuwatta
UVA PROVINCE,Badulla,Maspanna,Maspanna
UVA PROVINCE,Monaragala,Neliyadda,Nelliyadda
UVA PROVINCE,Monaragala,Bibila,Nilgala
UVA PROVINCE,Monaragala,Bibila,Bibila
UVA PROVINCE,Monaragala,Kotagama,Wegama
UVA PROVINCE,Monaragala,Kotagama,Kotagama
UVA PROVINCE,Monaragala,Medagama,Nannapurawa
UVA PROVINCE,Monaragala,Medagama,Polgahapitiya
UVA PROVINCE,Monaragala,Dambagalla,Dambagalla
UVA PROVINCE,Monaragala,Dambagalla,Mariarawa
UVA PROVINCE,Monaragala,Badalkumbura,Maligathenna
UVA PROVINCE,Monaragala,Badalkumbura,Badalkumbura
UVA PROVINCE,Monaragala,Moneragala,Moneragala
UVA PROVINCE,Monaragala,Ethimale,Ethimale
UVA PROVINCE,Monaragala,Siyambalanduwa,Siyambalanduwa
UVA PROVINCE,Monaragala,Buttala,Buttala
UVA PROVINCE,Monaragala,Okkampitiya,Gaminipura
UVA PROVINCE,Monaragala,Okkampitiya,Okkampitiya
UVA PROVINCE,Monaragala,Higurukambuwa,Higurukaduwa
UVA PROVINCE,Monaragala,Wellawaya,Randeniya
UVA PROVINCE,Monaragala,Wellawaya,Wellawaya
UVA PROVINCE,Monaragala,Buttala,Pelwatta
UVA PROVINCE,Monaragala,Katharagama,Katharagama
UVA PROVINCE,Monaragala,Thelulla,Thelulla
UVA PROVINCE,Monaragala,Thelulla,Kudaoya
UVA PROVINCE,Monaragala,Thanamalvila,Thanamalvila
UVA PROVINCE,Monaragala,Thanamalvila,Sooriyaara
UVA PROVINCE,Monaragala,Alutwewa,Alutwewa
UVA PROVINCE,Monaragala,Sevanagala,Sewanagala (P)
UVA PROVINCE,Monaragala,Sevanagala,Kiriibbanwewa
NORTH WESTERN,Kurunegala,Rajangana Left Bank,Warawewa
NORTH WESTERN,Kurunegala,Thabutta,Gampola
NORTH WESTERN,Kurunegala,Thabutta,Thambutta
NORTH WESTERN,Kurunegala,Galgamuwa,Mahagalkadawala
NORTH WESTERN,Kurunegala,Galgamuwa,Mahagalgamuwa
NORTH WESTERN,Kurunegala,Galgamuwa,Ulpathagama
NORTH WESTERN,Kurunegala,Galgamuwa,Palukandewa
NORTH WESTERN,Kurunegala,Mahananneriya,Mahananneriya
NORTH WESTERN,Kurunegala,Mahananneriya,WanniIhalagama
NORTH WESTERN,Kurunegala,Ehatuwewa,Kathnoruwa
NORTH WESTERN,Kurunegala,Ehatuwewa,Ehatuwewa
NORTH WESTERN,Kurunegala,Ehatuwewa,Ambogama
NORTH WESTERN,Kurunegala,Abanpola,Ambanpola/ South
NORTH WESTERN,Kurunegala,Abanpola,Ambanpola North
NORTH WESTERN,Kurunegala,Abanpola,Ipalogama
NORTH WESTERN,Kurunegala,Kotawehera,palugolla
NORTH WESTERN,Kurunegala,Kotawehera,Kotawehera
NORTH WESTERN,Kurunegala,Mahagirilla,Maha girilla North
NORTH WESTERN,Kurunegala,Moragollagama,Moragollagama
NORTH WESTERN,Kurunegala,Moragollagama,Saliyagama
NORTH WESTERN,Kurunegala,Mahawa,Koonwewa
NORTH WESTERN,Kurunegala,Mahawa,Yapahuva
NORTH WESTERN,Kurunegala,Mahagirilla,Maha girilla North
NORTH WESTERN,Kurunegala,Rasnayakapura,Malpanava
NORTH WESTERN,Kurunegala,Rasnayakapura,Rasnayakapura
NORTH WESTERN,Kurunegala,Rasnayakapura,Kadigava
NORTH WESTERN,Kurunegala,Nikaweratiya,Heelogama
NORTH WESTERN,Kurunegala,Nikaweratiya,Nikaweratiya
NORTH WESTERN,Kurunegala,Nikaweratiya,Katagamuwa
NORTH WESTERN,Kurunegala,Divullegoda,Divullegoda West
NORTH WESTERN,Kurunegala,Divullegoda,Divullegoda East
NORTH WESTERN,Kurunegala,Nagollagama,Gajanaggama
NORTH WESTERN,Kurunegala,Nagollagama,Nagollagama
NORTH WESTERN,Kurunegala,Nagollagama,Karambe
NORTH WESTERN,Kurunegala,Rambe,Polpithigama
NORTH WESTERN,Kurunegala,Rambe,Hakwatunawa
NORTH WESTERN,Kurunegala,Rambe,Galtenwewa
NORTH WESTERN,Kurunegala,Rambe,Kalugalla
NORTH WESTERN,Kurunegala,Ganewatta,Pothuvagonna
NORTH WESTERN,Kurunegala,Ganewatta,Ganewatta
NORTH WESTERN,Kurunegala,Ganewatta,Kirindivalmada
NORTH WESTERN,Kurunegala,Wariyapola,Minuwangete
NORTH WESTERN,Kurunegala,Wariyapola,Wariyapola
NORTH WESTERN,Kurunegala,Wariyapola,Malwana
NORTH WESTERN,Kurunegala,Awulegama,Padeniya
NORTH WESTERN,Kurunegala,Awulegama,Awulegama
NORTH WESTERN,Kurunegala,Kobeigane,Bamunugama
NORTH WESTERN,Kurunegala,Kobeigane,Kobeigane
NORTH WESTERN,Kurunegala,Kobeigane,Hengamuwa
NORTH WESTERN,Kurunegala,Bingiriya,Ruwaneliya
NORTH WESTERN,Kurunegala,Bingiriya,kiniyama
NORTH WESTERN,Kurunegala,Bingiriya,Bingiriya
NORTH WESTERN,Kurunegala,Bingiriya,Wilaththawa
NORTH WESTERN,Kurunegala,Paduwasnuwara,Madulla
NORTH WESTERN,Kurunegala,Paduwasnuwara,Girathalana
NORTH WESTERN,Kurunegala,Paduwasnuwara,Paduwasnuwara
NORTH WESTERN,Kurunegala,Paduwasnuwara,Bandara Koswaththa
NORTH WESTERN,Kurunegala,Paduwasnuwara,Hettipola
NORTH WESTERN,Kurunegala,Kanogama,Kolambagama
NORTH WESTERN,Kurunegala,Kanogama,Kanogama
NORTH WESTERN,Kurunegala,Kudagalgamuwa,Minhettiya
NORTH WESTERN,Kurunegala,Kudagalgamuwa,Kudagalgamuwa
NORTH WESTERN,Kurunegala,Kudagalgamuwa,Maspotha
NORTH WESTERN,Kurunegala,Kubukgate,Arankale
NORTH WESTERN,Kurunegala,Kubukgate,Kubukgate
NORTH WESTERN,Kurunegala,Malsiripura,neerammulla
NORTH WESTERN,Kurunegala,Malsiripura,Panliyadda
NORTH WESTERN,Kurunegala,Malsiripura,nindapalla
NORTH WESTERN,Kurunegala,Madahapola,Madahapola
NORTH WESTERN,Kurunegala,Ibbagamuwa,Kumbukvava
NORTH WESTERN,Kurunegala,Ibbagamuwa,Bathalagoda
NORTH WESTERN,Kurunegala,Ibbagamuwa,Ibbagamuwa
NORTH WESTERN,Kurunegala,Wellawa,Pubbowa
NORTH WESTERN,Kurunegala,Nathagane,Nathagane
NORTH WESTERN,Kurunegala,Nathagane,Panadure
NORTH WESTERN,Kurunegala,Munamaldeniya,Magulagama
NORTH WESTERN,Kurunegala,Munamaldeniya,Nagollagoda
NORTH WESTERN,Kurunegala,Munamaldeniya,Moonamaldeniya
NORTH WESTERN,Kurunegala,Deegalla,Deegalla
NORTH WESTERN,Kurunegala,Deegalla,Ilukhena
NORTH WESTERN,Kurunegala,Tharana,Tharana
NORTH WESTERN,Kurunegala,Tharana,Kadigamuwa
NORTH WESTERN,Kurunegala,Dummalasuriya,Dummalasuriya
NORTH WESTERN,Kurunegala,Dummalasuriya,Karadawila
NORTH WESTERN,Kurunegala,Udubaddawa,Udubaddawa
NORTH WESTERN,Kurunegala,Udubaddawa,Walipannagahamulla
NORTH WESTERN,Kurunegala,Udubaddawa,Paranagama
NORTH WESTERN,Kurunegala,Kuliyapitiya,Kuliyapitiya
NORTH WESTERN,Kurunegala,Kuliyapitiya,Delana
NORTH WESTERN,Kurunegala,Kuliyapitiya,Weralugama
NORTH WESTERN,Kurunegala,Kitalawa,Kithalawa
NORTH WESTERN,Kurunegala,Kitalawa,Annaruwa
NORTH WESTERN,Kurunegala,Horombawa,Kekunagolla
NORTH WESTERN,Kurunegala,Horombawa,Polpitiya
NORTH WESTERN,Kurunegala,Horombawa,Nakkawatta
NORTH WESTERN,Kurunegala,Horombawa,Horombawa
NORTH WESTERN,Kurunegala,Weerambugedara,Medagama
NORTH WESTERN,Kurunegala,Weerambugedara,Uhumiya
NORTH WESTERN,Kurunegala,Weerambugedara,Weerambugedara
NORTH WESTERN,Kurunegala,Nathagane,Wedanda
NORTH WESTERN,Kurunegala,Werawella,Thorayaya
NORTH WESTERN,Kurunegala,Werawella,Werawella
NORTH WESTERN,Kurunegala,Werawella,Thorayaya
NORTH WESTERN,Kurunegala,Werawella,Katupitiya
NORTH WESTERN,Kurunegala,Rambadagalla,Delvita
NORTH WESTERN,Kurunegala,Rambadagalla,ogodapola
NORTH WESTERN,Kurunegala,Karadagolla,Buluvala
NORTH WESTERN,Kurunegala,Mawathagama,Barandana
NORTH WESTERN,Kurunegala,Mawathagama,Mawathagama
NORTH WESTERN,Kurunegala,Mawathagama,Weuda
NORTH WESTERN,Kurunegala,Kurunegala,kurunegala Town
NORTH WESTERN,Kurunegala,Kurunegala,Yanthamplawa
NORTH WESTERN,Kurunegala,Kurunegala,Kurunegala
NORTH WESTERN,Kurunegala,Boyagane,Malkaduwawa
NORTH WESTERN,Kurunegala,Boyagane,Boyagane
NORTH WESTERN,Kurunegala,Narammala,Narammala South
NORTH WESTERN,Kurunegala,Narammala,Rangallepola
NORTH WESTERN,Kurunegala,Narammala,Narammala Noth
NORTH WESTERN,Kurunegala,Wewagama,Wawagama West
NORTH WESTERN,Kurunegala,Wewagama,Wawagama East
NORTH WESTERN,Kurunegala,Karadagolla,Buluvala
NORTH WESTERN,Kurunegala,Karadagolla,Pussalla
NORTH WESTERN,Kurunegala,Rambadagalla,ogodapola
NORTH WESTERN,Kurunegala,Rambadagalla,Delvita
NORTH WESTERN,Kurunegala,Potuhera,Potuhera
NORTH WESTERN,Kurunegala,Potuhera,Udapola
NORTH WESTERN,Kurunegala,Polgahawela,Rathmalgoda
NORTH WESTERN,Kurunegala,Polgahawela,Godawela
NORTH WESTERN,Kurunegala,Polgahawela,Polgahawela
NORTH WESTERN,Kurunegala,Maharachchimulla,Nungamuwa
NORTH WESTERN,Kurunegala,Maharachchimulla,Maharachchimulla
NORTH WESTERN,Kurunegala,Alauwa,Walakumbura
NORTH WESTERN,Kurunegala,Alauwa,Boyawalana
NORTH WESTERN,Kurunegala,Alauwa,Alawwa
NORTH WESTERN,Kurunegala,Dambadeniya,Dmabadeniya South
NORTH WESTERN,Kurunegala,Dambadeniya,Dambadeniya North
NORTH WESTERN,Kurunegala,Hamangalla,Katugampola
NORTH WESTERN,Kurunegala,Hamangalla,Mahingamuwa
NORTH WESTERN,Kurunegala,Hamangalla,Giriulla
NORTH WESTERN,Kurunegala,Yakwila,Iriyagolla
NORTH WESTERN,Kurunegala,Yakwila,Yakwila
NORTH WESTERN,Kurunegala,Yakwila,Pannala
NORTH WESTERN,Kurunegala,Welpalla,Makandura
NORTH WESTERN,Kurunegala,Welpalla,Welpalla
NORTH WESTERN,Puttalam,Wanathavilluwa,Eluwankulama
NORTH WESTERN,Puttalam,Wanathavilluwa,Bandaranayakapura
NORTH WESTERN,Puttalam,Wanathavilluwa,Mayilankulama
NORTH WESTERN,Puttalam,Puliyankulama Upper,Saliyawewa
NORTH WESTERN,Puttalam,Puliyankulama Upper,Pahariya
NORTH WESTERN,Puttalam,Puliyankulama Upper,Ipalogama
NORTH WESTERN,Puttalam,Thabbowa,Thabbowa
NORTH WESTERN,Puttalam,Thabbowa,Karuwalagaswewa
NORTH WESTERN,Puttalam,Puttalam,Manalthiw
NORTH WESTERN,Puttalam,Puttalam,Potthuwilluwa
NORTH WESTERN,Puttalam,Nawagattegama,Moragahawewa
NORTH WESTERN,Puttalam,Nawagattegama,Nawagaththegama
NORTH WESTERN,Puttalam,Nawagattegama,Kirimetiyawa
NORTH WESTERN,Puttalam,Iginimitiya,Iginimitiya Dakuna pahala
NORTH WESTERN,Puttalam,Iginimitiya,Iginimitiya Dakuna Ihala
NORTH WESTERN,Puttalam,Iginimitiya,Iginimitiya Wama Ihala
NORTH WESTERN,Puttalam,Anamaduwa,Uriyawa
NORTH WESTERN,Puttalam,Anamaduwa,Wadaththa
NORTH WESTERN,Puttalam,Anamaduwa,Thalgaswewa
NORTH WESTERN,Puttalam,Anamaduwa,Anamaduwa
NORTH WESTERN,Puttalam,Mahakumbukkadawala,Kiwula Tharuna Wyaparaya
NORTH WESTERN,Puttalam,Mahakumbukkadawala,Baranankattuwa
NORTH WESTERN,Puttalam,Mahakumbukkadawala,Andigama
NORTH WESTERN,Puttalam,Madurankuliya,Welusumanapura
NORTH WESTERN,Puttalam,Madurankuliya,Sameeragama
NORTH WESTERN,Puttalam,Madurankuliya,Pulichijakulama
NORTH WESTERN,Puttalam,Madurankuliya,Kottanthievu
NORTH WESTERN,Puttalam,Palakuda,Nawakkaduwa
NORTH WESTERN,Puttalam,Palakuda,Norochcholaya
NORTH WESTERN,Puttalam,Palakuda,Alankudawa
NORTH WESTERN,Puttalam,Palakuda,Thalavila
NORTH WESTERN,Puttalam,Serukele,Serukele
NORTH WESTERN,Puttalam,Serukele,Vilpatha
NORTH WESTERN,Puttalam,Serukele,Pallama
NORTH WESTERN,Puttalam,Rajakadaluwa,Wijayakatupotha
NORTH WESTERN,Puttalam,Rajakadaluwa,Ambakale
NORTH WESTERN,Puttalam,Rajakadaluwa,Arachchikattuwa
NORTH WESTERN,Puttalam,Munneswaram,Mugunuwatawana
NORTH WESTERN,Puttalam,Munneswaram,Munneshwarama
NORTH WESTERN,Puttalam,Munneswaram,Karavita
NORTH WESTERN,Puttalam,Madampe,Madagama
NORTH WESTERN,Puttalam,Madampe,Madampe
NORTH WESTERN,Puttalam,Kudawewa,Kudawewa
NORTH WESTERN,Puttalam,Kudawewa,Hawana
NORTH WESTERN,Puttalam,Nattandiya,Katuneriya
NORTH WESTERN,Puttalam,Nattandiya,Thabbowa
NORTH WESTERN,Puttalam,Nainamadama,Lunuvula
NORTH WESTERN,Puttalam,Nainamadama,Nainamadama
NORTH WESTERN,Puttalam,Haldanduwana,Haldanduwana
NORTH WESTERN,Puttalam,Haldanduwana,Singakkuliya
NORTH WESTERN,Puttalam,Haldanduwana,Dankotuwa
SABARAGAMUWA,Kegalle,Daliwala,Daliwala
SABARAGAMUWA,Kegalle,Pinnawala,Pinnawala
SABARAGAMUWA,Kegalle,Batuwatta,Batuwatta
SABARAGAMUWA,Kegalle,Baminiwatta,Baminiwatta
SABARAGAMUWA,Kegalle,Paragammana,Paragammana
SABARAGAMUWA,Kegalle,Ambepussa,Ambepussa
SABARAGAMUWA,Kegalle,Dadigama,Dadigama
SABARAGAMUWA,Kegalle,Yattogoda,Yattogoda
SABARAGAMUWA,Kegalle,Ussapitiya,Ussapitiya
SABARAGAMUWA,Kegalle,Aranayaka,Aranayaka
SABARAGAMUWA,Kegalle,Bulathkohupitiya,Bulathkohupitiya
SABARAGAMUWA,Kegalle,Ruwanwella,Ruwanwella
SABARAGAMUWA,Kegalle,Yatiyanthota,Yatiyanthota
SABARAGAMUWA,Kegalle,Deraniyagala,Deraniyagala
SABARAGAMUWA,Kegalle,Panawala,Panawala
SABARAGAMUWA,Rathnapura,Eheliyagoda,Karadana
SABARAGAMUWA,Rathnapura,Eheliyagoda,Eheliyagoda
SABARAGAMUWA,Rathnapura,Namaldeniya,Namaldeniya
SABARAGAMUWA,Rathnapura,Namaldeniya,Parakaduwa
SABARAGAMUWA,Rathnapura,Kiriella,Mudunkotuwa
SABARAGAMUWA,Rathnapura,Kiriella,Kiriella
SABARAGAMUWA,Rathnapura,Ayagama,Galathura
SABARAGAMUWA,Rathnapura,Dodampe,Dodampe
SABARAGAMUWA,Rathnapura,Kuruvita,Pahala Kuruvita
SABARAGAMUWA,Rathnapura,Kuruvita,Kuruvita
SABARAGAMUWA,Rathnapura,Girimale,Girimale-1
SABARAGAMUWA,Rathnapura,Girimale,Girimale-2
SABARAGAMUWA,Rathnapura,Girimale,Weddagala
SABARAGAMUWA,Rathnapura,Ratnapura,Ratnapura
SABARAGAMUWA,Rathnapura,Ratnapura,Newtown
SABARAGAMUWA,Rathnapura,Elapatha,Weragama
SABARAGAMUWA,Rathnapura,Ayagama,Ayagama
SABARAGAMUWA,Rathnapura,Bambarabotuwa,Bambarabotuwa
SABARAGAMUWA,Rathnapura,Marapana,Marapana
SABARAGAMUWA,Rathnapura,Pelmadulla,Pelmadulla
SABARAGAMUWA,Rathnapura,Pelmadulla,Panawenna
SABARAGAMUWA,Rathnapura,Nivithigala,Nivithigala
SABARAGAMUWA,Rathnapura,Nivithigala,Udakaravita
SABARAGAMUWA,Rathnapura,Kalawana,Meepagama
SABARAGAMUWA,Rathnapura,Kalawana,Kalawana
SABARAGAMUWA,Rathnapura,Pothupitiya,Weddagala
SABARAGAMUWA,Rathnapura,Pothupitiya,Pothupitiya
SABARAGAMUWA,Rathnapura,Kahawatta,Madalagama
SABARAGAMUWA,Rathnapura,Kahawatta,Kahawatta
SABARAGAMUWA,Rathnapura,Opanayaka,Opanayaka
SABARAGAMUWA,Rathnapura,Rassagala,Balangoda
SABARAGAMUWA,Rathnapura,Rassagala,Rassagala
SABARAGAMUWA,Rathnapura,Ratmalavinna,Pinnawala
SABARAGAMUWA,Rathnapura,Ratmalavinna,Ratmalavinna
SABARAGAMUWA,Rathnapura,Pambahinna,Belihuloya
SABARAGAMUWA,Rathnapura,Damahana,Rajawaka
SABARAGAMUWA,Rathnapura,Damahana,Damahana
SABARAGAMUWA,Rathnapura,Weligepola,Panaana
SABARAGAMUWA,Rathnapura,Godakawela,Rakwana
SABARAGAMUWA,Rathnapura,Godakawela,Godakawela
SABARAGAMUWA,Rathnapura,Kolonna,Bulutota
SABARAGAMUWA,Rathnapura,Kolonna,Wijeriya
SABARAGAMUWA,Rathnapura,Pallebedda,Pallebedda
SABARAGAMUWA,Rathnapura,Pallebedda,Thabagamuwa
SABARAGAMUWA,Rathnapura,Ambavila,Galpaya
SABARAGAMUWA,Rathnapura,Weligepola,Weligepola
SABARAGAMUWA,Rathnapura,Kaltota,Kaltota
SABARAGAMUWA,Rathnapura,Kaltota,Mahaweli
SABARAGAMUWA,Rathnapura,Kaltota,Thenna
SABARAGAMUWA,Rathnapura,Timbolketiya,Timbolketiya
SABARAGAMUWA,Rathnapura,Timbolketiya,Panahaduwa
SABARAGAMUWA,Rathnapura,Timbolketiya,Mahaweli
SABARAGAMUWA,Rathnapura,Kolonna,Kolonna
SABARAGAMUWA,Rathnapura,Kolonna,Bulutota
SABARAGAMUWA,Rathnapura,Panamura,Panamura
SABARAGAMUWA,Rathnapura,Panamura,Thorakola Yaya
SABARAGAMUWA,Rathnapura,Embilipitiya,Embilipitiya
SABARAGAMUWA,Rathnapura,Embilipitiya,Mahaweli
SABARAGAMUWA,Rathnapura,Embilipitiya,Padalangala
CENTRAL,Mathale,Kimbissa,Kimbissa
CENTRAL,Mathale,Dambulla,Dambulla
CENTRAL,Mathale,Dewahuwa,Makulugaswewa
CENTRAL,Mathale,Galewela,Galewela
CENTRAL,Mathale,Kongahawela,Kongahawela
CENTRAL,Mathale,Alugolla,Naula
CENTRAL,Mathale,Wahakotte,Wasalakotte
CENTRAL,Mathale,Pallepola,Pallepola
CENTRAL,Mathale,Yatawaththa,Yatawaththa
CENTRAL,Mathale,Palapathwala,Palapathwala
CENTRAL,Mathale,Hunukeata Ela,Hunukeata Ela
CENTRAL,Mathale,Walawela,Walawela
CENTRAL,Mathale,Thenna,Thenna
CENTRAL,Mathale,Ukuwela,Ukuwela
CENTRAL,Mathale,Elkaduwa,Elkaduwa
CENTRAL,Mathale,Bandarapola,Bandarapola
CENTRAL,Mathale,Waragama,Waragama
CENTRAL,Mathale,Raththota,Raththota
CENTRAL,Mathale,Hatthota Amuna,Hatthota Amuna
CENTRAL,Mathale,Pallegama,Laggala pallegama
CENTRAL,Mathale,Handungamuwa,Handungamuwa
CENTRAL,Mathale,Hettipola,Vilgamuwa
CENTRAL,Mathale,Kongahawela,Kongahawela
CENTRAL,Kandy,Hataraliyadda,Hataraliyadda
CENTRAL,Kandy,Aludeniya,Aludeniya
CENTRAL,Kandy,Galagedara,Galagedara
CENTRAL,Kandy,Wewala,Wewala
CENTRAL,Kandy,Ankumbura,Ankumbura
CENTRAL,Kandy,Alawatugoda,Alawatugoda
CENTRAL,Kandy,Batugoda,Batugoda
CENTRAL,Kandy,Medawala,Medawala
CENTRAL,Kandy,Weliwita,Weliwita
CENTRAL,Kandy,Menikdivela,Menikdivela
CENTRAL,Kandy,Giragama,Giragama
CENTRAL,Kandy,Edanduwawa,Edanduwawa
CENTRAL,Kandy,Yatiwawala,Yatiwawala
CENTRAL,Kandy,Wattegama,Wattegama
CENTRAL,Kandy,Gunnepana,Gunnepana
CENTRAL,Kandy,Ketawala - Lewula,Ketawala - Lewula
CENTRAL,Kandy,Bowala,Bowala
CENTRAL,Kandy,Alapalawala,Alapalawala
CENTRAL,Kandy,Imbuldeniya,Imbuldeniya
CENTRAL,Kandy,Abanwala,Abanwala
CENTRAL,Kandy,Talawatura,Talawatura
CENTRAL,Kandy,Petiyagoda,Petiyagoda
CENTRAL,Kandy,Gampola,Gampola
CENTRAL,Kandy,Medapitiya,Medapitiya
CENTRAL,Kandy,Talatuoya,Talatuoya
CENTRAL,Kandy,Menikhinna,Menikhinna
CENTRAL,Kandy,Marassana,Marassana
CENTRAL,Kandy,Galaha,Galaha
CENTRAL,Kandy,Mulgama,Mulgama
CENTRAL,Kandy,Dalpitiya,Dalpitiya
CENTRAL,Kandy,Kuruduwatta,Kuruduwatta
CENTRAL,Kandy,Rabukpitiya,Rabukpitiya
CENTRAL,Kandy,Digana,Digana
CENTRAL,Kandy,Huluganga,Huluganga
CENTRAL,Kandy,Teldeniya,Teldeniya
CENTRAL,Kandy,Udispattuwa,Udispattuwa
CENTRAL,Kandy,Dabagahapitiya,Dabagahapitiya
CENTRAL,Kandy,Namadagala,Namadagala
CENTRAL,Kandy,Medamahanuwara,Medamahanuwara
CENTRAL,Kandy,Wedaruwa,Wedaruwa
CENTRAL,Kandy,Nugetenna,Nugetenna
CENTRAL,Kandy,Kaluntenna,Kaluntenna
CENTRAL,Kandy,Ulpatagama,Kolongoda
CENTRAL,Kandy,Ulpatagama,Ulpatagama
CENTRAL,Kandy,Morayaya,IP
CENTRAL,Kandy,Morayaya,Morayaya
CENTRAL,NuwaraEliya,Karalliyadda,Karalliyadda
CENTRAL,NuwaraEliya,Walapane,Walapane
CENTRAL,NuwaraEliya,Nildandahinna,Nildandahinna
CENTRAL,NuwaraEliya,Theripeha,Theripeha
CENTRAL,NuwaraEliya,Hanguranketha,Hanguranketha
CENTRAL,NuwaraEliya,Bulugahapitiya,Bulugahapitiya
CENTRAL,NuwaraEliya,Pallebowala,Pallebowala
CENTRAL,NuwaraEliya,Rikillagaskada,Rikillagaskada
CENTRAL,NuwaraEliya,Munwatta,Munwatta
CENTRAL,NuwaraEliya,Mathurata,Mathurata
CENTRAL,NuwaraEliya,Ragala,Ragala
CENTRAL,NuwaraEliya,Rupaha,Rupaha
CENTRAL,NuwaraEliya,Mandaramnuwara,Mandaramnuwara
CENTRAL,NuwaraEliya,Helboda,Helboda
CENTRAL,NuwaraEliya,Nuwaraeliya,Nuwaraeliya
CENTRAL,NuwaraEliya,Nuwaraeliya,Kandapola
CENTRAL,NuwaraEliya,Pundaluoya,Pundaluoya
CENTRAL,NuwaraEliya,Maldeniya,Maldeniya
CENTRAL,NuwaraEliya,Harangala,Harangala
CENTRAL,NuwaraEliya,Lindula,Lindula
CENTRAL,NuwaraEliya,Widulipura,Widulipura
CENTRAL,NuwaraEliya,Ginigathhena,Ginigathhena
NORTHERN,Jaffna,Pungudutivu,Pungudutivu
NORTHERN,Jaffna,Velanai,Kayts
NORTHERN,Jaffna,Velanai,Velanai
NORTHERN,Jaffna,Karainagar,Karainagar
NORTHERN,Jaffna,Tholpuram,Tholpuram
NORTHERN,Jaffna,Tholpuram,Vaddukkodai
NORTHERN,Jaffna,Sandilipay,Mathagal
NORTHERN,Jaffna,Sandilipay,Sandilipay
NORTHERN,Jaffna,Keerimalai,Alaveddy
NORTHERN,Jaffna,Keerimalai,Keerimalai
NORTHERN,Jaffna,Keerimalai,Tellipalai
NORTHERN,Jaffna,Keerimalai,Vasavilan
NORTHERN,Jaffna,Uduvil,Chunnakam
NORTHERN,Jaffna,Uduvil,Uduvil
NORTHERN,Jaffna,Uduvil,Punnalaikadduvan
NORTHERN,Jaffna,Nallur,Thirunelvely
NORTHERN,Jaffna,Nallur,Nallur
NORTHERN,Jaffna,Urumpirai,Urumpirai
NORTHERN,Jaffna,Urumpirai,Neervely
NORTHERN,Jaffna,Puttur,Atchuvely
NORTHERN,Jaffna,Puttur,Avaranagal
NORTHERN,Jaffna,Puttur,Puttur
NORTHERN,Jaffna,Kaithady,Kaithady
NORTHERN,Jaffna,Kaithady,Madduvil
NORTHERN,Jaffna,Karaveddy,Udupiddy
NORTHERN,Jaffna,Karaveddy,Karaveddy
NORTHERN,Jaffna,Karaveddy,Thunnalai
NORTHERN,Jaffna,Puloly,Puloly
NORTHERN,Jaffna,Chavakachcheri,Chavakachcheri
NORTHERN,Jaffna,Chavakachcheri,Eluthumadduval
NORTHERN,Jaffna,Ampan,Ampan
NORTHERN,Jaffna,Ampan,Maruthnkerny
NORTHERN,Kilinochchi,AkkarayanKulam,Akkarayankulam
NORTHERN,Kilinochchi,AkkarayanKulam,Skandapuram
NORTHERN,Kilinochchi,AkkarayanKulam,Urithirapuram
NORTHERN,Kilinochchi,AkkarayanKulam,Vannerikulam
NORTHERN,Kilinochchi,Kandawalai,Kandawalai
NORTHERN,Kilinochchi,Kilinochchi,Ampalkulam
NORTHERN,Kilinochchi,Kilinochchi,Bharathipuram
NORTHERN,Kilinochchi,Kilinochchi,Ganesapuram
NORTHERN,Kilinochchi,Kilinochchi,Kankampigaikulam
NORTHERN,Kilinochchi,Kilinochchi,Krishnapuram
NORTHERN,Kilinochchi,Kilinochchi,Ratnapuram
NORTHERN,Kilinochchi,Kilinochchi,Thiruwaiyaru
NORTHERN,Kilinochchi,Mulankavil,Jeyapuram
NORTHERN,Kilinochchi,Mulankavil,Kiranchi
NORTHERN,Kilinochchi,Mulankavil,Mulankavil
NORTHERN,Kilinochchi,Murasumoddai,Murasumoddai
NORTHERN,Kilinochchi,Pallai,Arasarkerny
NORTHERN,Kilinochchi,Pallai,Kilaly
NORTHERN,Kilinochchi,Pallai,Kovilvayal
NORTHERN,Kilinochchi,Pallai,Muhamalai
NORTHERN,Kilinochchi,Pallai,Thampagamam
NORTHERN,Kilinochchi,Pallai,Pallai
NORTHERN,Kilinochchi,Pallai,Tharmakeny
NORTHERN,Kilinochchi,Paranthan,Kumarapuram
NORTHERN,Kilinochchi,Paranthan,Umaiyalpuram
NORTHERN,Kilinochchi,Poonagary,Kollakurichchi
NORTHERN,Kilinochchi,Poonagary,Madduvilnadu West
NORTHERN,Kilinochchi,Poonagary,Nallur
NORTHERN,Kilinochchi,Poonagary,Pallikuda
NORTHERN,Kilinochchi,Poonagary,Poonagary
NORTHERN,Kilinochchi,Puliyampokkanai,Puliyampokkanai
NORTHERN,Kilinochchi,Puliyampokkanai,Punnaineeravi
NORTHERN,Kilinochchi,Puliyampokkanai,Tharmapuram
NORTHERN,Kilinochchi,Ramanathapuram,Mayavanoor
NORTHERN,Kilinochchi,Ramanathapuram,Ramanathapuram
NORTHERN,Kilinochchi,Urithirapuram,Puthumurippu
NORTHERN,Kilinochchi,Urithirapuram,Urithirapuram
NORTHERN,Vavuniya,Kanagarayankulam,Kanagarayankulam
NORTHERN,Vavuniya,Kanagarayankulam,Nainamadu
NORTHERN,Vavuniya,Kanagarayankulam,Puliyankulam
NORTHERN,Vavuniya,Nedunkerny,Nedunkerny
NORTHERN,Vavuniya,Nedunkerny,Olumadu
NORTHERN,Vavuniya,Nedunkerny,Mamadu
NORTHERN,Vavuniya,Nedunkerny,Unchalkaddi
NORTHERN,Vavuniya,Omanthai,Pantrikeithakulam
NORTHERN,Vavuniya,Omanthai,Palamodai
NORTHERN,Vavuniya,Omanthai,Malikai
NORTHERN,Vavuniya,Madukande,Mahakachchakodiya
NORTHERN,Vavuniya,Madukande,Madukande
NORTHERN,Vavuniya,Kovilkulam,Nochchimoddai
NORTHERN,Vavuniya,Kovilkulam,Thonikkal
NORTHERN,Vavuniya,Kovilkulam,Samanankulam
NORTHERN,Vavuniya,Kovilkulam,Katharsinnakulam
NORTHERN,Vavuniya,Pampaimadu,Sasthirikulankulam
NORTHERN,Vavuniya,Pampaimadu,Pampaimadu
NORTHERN,Vavuniya,Pampaimadu,Rasenthirankulam
NORTHERN,Vavuniya,Ullukulama,Irratai
NORTHERN,Vavuniya,Ullukulama,Periyaulukkulama
NORTHERN,Vavuniya,Ullukulama,Track 7
NORTHERN,Vavuniya,Cheddikulam,Sooduventhapulavu
NORTHERN,Vavuniya,Cheddikulam,Parvetkulam 6
NORTHERN,Vavuniya,Cheddikulam,Piramanalankulam
NORTHERN,Vavuniya,Cheddikulam,Kannaddy
NORTHERN,Vavuniya,Cheddikulam,Andiyapuliyankulam
NORTHERN,Vavuniya,Cheddikulam,Cheddikulam
NORTHERN,Vavuniya,Cheddikulam,Mankulam
NORTHERN,Vavuniya,Cheddikulam,Veerapuram
NORTHERN,Mullaitivu,Kokkuthoduvai,Kokkulai
NORTHERN,Mullaitivu,Kokkuthoduvai,Kokkuthoduvai
NORTHERN,Mullaitivu,Kumulamunai,Kumulamunai
NORTHERN,Mullaitivu,Kumulamunai,Thannimurippu
NORTHERN,Mullaitivu,Alampil,Alampil
NORTHERN,Mullaitivu,Oddusuddan,Thanduvan
NORTHERN,Mullaitivu,Oddusuddan,Oddusuddan
NORTHERN,Mullaitivu,Oddusuddan,Katsilaimadu
NORTHERN,Mullaitivu,Oddusuddan,Muththayankaddukulam
NORTHERN,Mullaitivu,Oddusuddan,Puliyankulam
NORTHERN,Mullaitivu,Mulliyawalai,Mulliyawalai
NORTHERN,Mullaitivu,Mulliyawalai,Thaniyootu
NORTHERN,Mullaitivu,Mulliyawalai,Kanukerni
NORTHERN,Mullaitivu,Mulliyawalai,Iranaipalai
NORTHERN,Mullaitivu,Mulliyawalai,Silawaththai
NORTHERN,Mullaitivu,Mulliyawalai,Keppapilavu
NORTHERN,Mullaitivu,Mulliyawalai,Mullativu
NORTHERN,Mullaitivu,Puthukudiyiruppu,Puthukudiyiruppu
NORTHERN,Mullaitivu,Puthukudiyiruppu,Manthuvil
NORTHERN,Mullaitivu,Udaiyarkaddu,Suthanthipuram
NORTHERN,Mullaitivu,Udaiyarkaddu,Udaiyarkaddu
NORTHERN,Mullaitivu,Udaiyarkaddu,Visvamadu
NORTHERN,Mullaitivu,Olumadu,Pannikankulam
NORTHERN,Mullaitivu,Olumadu,Olumadu
NORTHERN,Mullaitivu,Thunukkai,Iyankankulam
NORTHERN,Mullaitivu,Thunukkai,Kooddaikaddiyakulam
NORTHERN,Mullaitivu,Thunukkai,Mallavi
NORTHERN,Mullaitivu,Thunukkai,Thunukkai
NORTHERN,Mullaitivu,Thunukkai,Aninchiyankulam
NORTHERN,Mullaitivu,Pandiyankulam,Kollavilankulam
NORTHERN,Mullaitivu,Pandiyankulam,Karumpulliyan
NORTHERN,Mullaitivu,Pandiyankulam,Palinagar
NORTHERN,Mullaitivu,Pandiyankulam,Pandiyankulam
NORTHERN,Mullaitivu,Pandiyankulam,Naddankandal
NORTHERN,Mannar,Illuppaikadayai,Vellankulam
NORTHERN,Mannar,Illuppaikadayai,Illuppaikadayai
NORTHERN,Mannar,Vidatalteevu,Periyamadhu
NORTHERN,Mannar,Vidatalteevu,Vidatalteevu
NORTHERN,Mannar,Alkaddiveli,Adampan
NORTHERN,Mannar,Alkaddiveli,Vaddakkandal
NORTHERN,Mannar,Alkaddiveli,Alkaddiveli
NORTHERN,Mannar,Manthai,Manthai
NORTHERN,Mannar,Uyilan Kulam,Uyilan Kulam
NORTHERN,Mannar,Uyilan Kulam,Mathoddam
NORTHERN,Mannar,Palampiddi,Madhu
NORTHERN,Mannar,Palampiddi,Palampiddi
NORTHERN,Mannar,Irana Illuppai Kulam,Irana Illuppai Kulam
NORTHERN,Mannar,Nanattan,Vanchiyankulam
NORTHERN,Mannar,Nanattan,Nanattan
NORTHERN,Mannar,Nanattan,Aththikkuli
NORTHERN,Mannar,Murukkan,Murukkan
NORTHERN,Mannar,Palampiddi,Madovarayan Kaddaiydampan
NORTHERN,Mannar,Palampiddi,Thekkam
NORTHERN,Mannar,P.P. Potkerny,P.P. Potkerny
NORTHERN,Mannar,P.P. Potkerny,Arippu
NORTHERN,Mannar,Chilavathurai,Ahathi Murippu
NORTHERN,Mannar,Chilavathurai,Kondachchi
NORTHERN,Mannar,Chilavathurai,Mullikkulam
NORTHERN,Mannar,Mannar Island,Pattithoddam
NORTHERN,Mannar,Mannar Island,Erukkalampiddy
NORTHERN,Mannar,Mannar Island,Thoddavaly
NORTHERN,Mannar,Mannar Island,Talai Mannar
WESTERN ,Colombo,Kotte,Udahamulla
WESTERN ,Colombo,Kotte,Rathmalana
WESTERN ,Colombo,Kolonnawa,Kolonnawa
WESTERN ,Colombo,Malambe,Malambe
WESTERN ,Colombo,Maharagama,Maharagama
WESTERN ,Colombo,Kesbewa,Kesbewa
WESTERN ,Colombo,Kahatuduwa,Kahatuduwa
WESTERN ,Colombo,Homagama,Homagama
WESTERN ,Colombo,Padukka,Padukka
WESTERN ,Colombo,Kosgama,Kosgama
WESTERN ,Gampaha,Katana,Katana
WESTERN ,Gampaha,Badalgama,Badalgama
WESTERN ,Gampaha,Walpita,Walpita
WESTERN ,Gampaha,Meerigama,Meerigama
WESTERN ,Gampaha,Pallewela,Pallewela
WESTERN ,Gampaha,Pasyala,Pasyala
WESTERN ,Gampaha,Mabodala,Mabodala
WESTERN ,Gampaha,Minuwangoda,Minuwangoda
WESTERN ,Gampaha,Andiambalama,Andiambalama
WESTERN ,Gampaha,Andiambalama,Andiambalama 2
WESTERN ,Gampaha,Nugape - Pamunugama,Pamunugama
WESTERN ,Gampaha,Ja-Ela,Ja-Ela
WESTERN ,Gampaha,Galahitiyawa,Galahitiyawa
WESTERN ,Gampaha,Udugampola,Udugampola
WESTERN ,Gampaha,Bemmulla,Bemmulla
WESTERN ,Gampaha,Nittambuwa,Nittambuwa
WESTERN ,Gampaha,Urapola,Urapola
WESTERN ,Gampaha,Malwatuhiripitiya,Malwatuhiripitiya
WESTERN ,Gampaha,Udupila,Udupila
WESTERN ,Gampaha,Henarathgoda,Henarathgoda
WESTERN ,Gampaha,Suriyapaluwa,Suriyapaluwa
WESTERN ,Gampaha,Weke,Weke
WESTERN ,Gampaha,Dompe,Dompe
WESTERN ,Gampaha,Biyagama,Biyagama
WESTERN ,Gampaha,Kelaniya,Kelaniya
WESTERN ,Kaluthara,Panadura,Panadura 1
WESTERN ,Kaluthara,Panadura,Panadura 2
WESTERN ,Kaluthara,Panadura,Panadura 3
WESTERN ,Kaluthara,Bandaragama,Bandaragama 1
WESTERN ,Kaluthara,Bandaragama,Bandaragama 2
WESTERN ,Kaluthara,Kananwila,Kananwila 1
WESTERN ,Kaluthara,Kananwila,Kananwila 2
WESTERN ,Kaluthara,Kananwila,Kananwila 3
WESTERN ,Kaluthara,Kananwila,Kananwila 4
WESTERN ,Kaluthara,Ingiriya,Ingiriya 1
WESTERN ,Kaluthara,Ingiriya,Ingiriya 2
WESTERN ,Kaluthara,Ingiriya,Ingiriya 3
WESTERN ,Kaluthara,Bulathsinhala,Bulathsinhala 1
WESTERN ,Kaluthara,Bulathsinhala,Bulathsinhala 2
WESTERN ,Kaluthara,Bulathsinhala,Bulathsinhala 3
WESTERN ,Kaluthara,Bulathsinhala,Bulathsinhala 4
WESTERN ,Kaluthara,Madurawala ,Madurawala 1
WESTERN ,Kaluthara,Madurawala ,Madurawala 2
WESTERN ,Kaluthara,Millaniya,Millaniya 1
WESTERN ,Kaluthara,Millaniya,Millaniya 2
WESTERN ,Kaluthara,Millaniya,Millaniya 3
WESTERN ,Kaluthara,Millaniya,Millaniya 4
WESTERN ,Kaluthara,Pamunugama - Alubomulla,Pamunugama 1
WESTERN ,Kaluthara,Pamunugama - Alubomulla,Pamunugama 2
WESTERN ,Kaluthara,Moronthuduwa,Moronthuduwa 1
WESTERN ,Kaluthara,Moronthuduwa,Moronthuduwa 2
WESTERN ,Kaluthara,Nagoda,Nagoda 1
WESTERN ,Kaluthara,Nagoda,Nagoda 2
WESTERN ,Kaluthara,Nagoda,Nagoda 3
WESTERN ,Kaluthara,Dodangoda,Dodangoda 1
WESTERN ,Kaluthara,Dodangoda,Dodangoda 2
WESTERN ,Kaluthara,Dodangoda,Dodangoda 3
WESTERN ,Kaluthara,Dodangoda,Dodangoda 4
WESTERN ,Kaluthara,Warakagoda,Warakagoda 1
WESTERN ,Kaluthara,Warakagoda,Warakagoda 2
WESTERN ,Kaluthara,Halkandawila,Halkandawila 1
WESTERN ,Kaluthara,Halkandawila,Halkandawila 2
WESTERN ,Kaluthara,Halkandawila,Halkandawila 3
WESTERN ,Kaluthara,Matugama,Matugama 1
WESTERN ,Kaluthara,Matugama,Matugama 2
WESTERN ,Kaluthara,Matugama,Matugama 3
WESTERN ,Kaluthara,Matugama,Matugama 4
WESTERN ,Kaluthara,Padagoda,Padagoda 1
WESTERN ,Kaluthara,Padagoda,Padagoda 2
WESTERN ,Kaluthara,Padagoda,Padagoda 3
WESTERN ,Kaluthara,Agalawatta,Agalawatta 1
WESTERN ,Kaluthara,Agalawatta,Agalawatta 2
WESTERN ,Kaluthara,Agalawatta,Agalawatta 3
WESTERN ,Kaluthara,Pelawatta,Pelawatta 1
WESTERN ,Kaluthara,Pelawatta,Pelawatta 2
WESTERN ,Kaluthara,Pelawatta,Pelawatta 3
WESTERN ,Kaluthara,Pelawatta,Pelawatta 4
WESTERN ,Kaluthara,Ittepana,Ittepana 1
WESTERN ,Kaluthara,Ittepana,Ittepana 2
WESTERN ,Kaluthara,Ittepana,Ittepana 3
WESTERN ,Kaluthara,Walagedara ,Walagedara 1
WESTERN ,Kaluthara,Walagedara ,Walagedara 2
WESTERN ,Kaluthara,Walagedara ,Walagedara 3
WESTERN ,Kaluthara,Baduraliya,Baduraliya 1
WESTERN ,Kaluthara,Baduraliya,Baduraliya 2
WESTERN ,Kaluthara,Baduraliya,Baduraliya 3
WESTERN ,Kaluthara,Baduraliya,Baduraliya 4
SOUTHERN,Galle,Neluwa,Neluwa
SOUTHERN,Galle,Neluwa,Dellawa
SOUTHERN,Galle,Thawalama,Thawalama
SOUTHERN,Galle,Thawalama,Hiniduma
SOUTHERN,Galle,Opatha,Opatha
SOUTHERN,Galle,Pitigala,Pitigala
SOUTHERN,Galle,Niyagama,Niyagama
SOUTHERN,Galle,Nagoda,Mapalagama
SOUTHERN,Galle,Nagoda,Nagoda
SOUTHERN,Galle,Gonadeniya,Gonadeniya
SOUTHERN,Galle,Yakkalamulla,Walpala
SOUTHERN,Galle,Yakkalamulla,Yakkalamulla
SOUTHERN,Galle,Waduraba,Keembiya
SOUTHERN,Galle,Waduraba,Wanduramba
SOUTHERN,Galle,Urala,Urala
SOUTHERN,Galle,Baddegama,Baddegama
SOUTHERN,Galle,Baddegama,Balagoda
SOUTHERN,Galle,Ethkandura,Welivitiya
SOUTHERN,Galle,Ethkandura,Ethkandura
SOUTHERN,Galle,Ambana / Pinikahana,Pinikahana
SOUTHERN,Galle,Elpitiya,Elpitiya
SOUTHERN,Galle,Elpitiya,Thalgaspe
SOUTHERN,Galle,Pahalagamhaya,Pahalagamhaya
SOUTHERN,Galle,Gonagalapura,Gonagalapura
SOUTHERN,Galle,Ahungalla,Ahungalla
SOUTHERN,Galle,Ahungalla,Balapitiya
SOUTHERN,Galle,Uragasmanhandiya,Uragasmanhandiya
SOUTHERN,Galle,Karandeniya,Karandeniya
SOUTHERN,Galle,Ambalangoda,Ambalangoda
SOUTHERN,Galle,Weragoda,Weragoda
SOUTHERN,Galle,Batapola,Batapola
SOUTHERN,Galle,Aluthwala,Aluthwala
SOUTHERN,Galle,Aluthwala,Gonapinuwala
SOUTHERN,Galle,Pinkanda,Pinkanda
SOUTHERN,Galle,Ratgama,Katudampe
SOUTHERN,Galle,Ratgama,Ratgama
SOUTHERN,Galle,Keradewala,Keradewala
SOUTHERN,Galle,Labuduwa,Four Gravets
SOUTHERN,Galle,Labuduwa,Bope Poddala
SOUTHERN,Galle,Walahanduwa,Akmeemana
SOUTHERN,Galle,Walahanduwa,Walahanduwa
SOUTHERN,Galle,Pilana,Pilana
SOUTHERN,Galle,Pilana,Kalahe
SOUTHERN,Galle,Koggala,Koggala
SOUTHERN,Galle,Koggala,Angulugaha
SOUTHERN,Galle,Ahangama,Ahangama
SOUTHERN,Galle,Ahangama,Dikkumbura
SOUTHERN,Galle,Kodagoda,Kodagoda
SOUTHERN,Galle,Paragoda,Howpe
SOUTHERN,Matara,Deniyaya,Deniyaya 1
SOUTHERN,Matara,Deniyaya,Deniyaya 2
SOUTHERN,Matara,Beralapanathara,Beralapanathara
SOUTHERN,Matara,Urubokka,Urubokka
SOUTHERN,Matara,Pasgoda,Pasgoda
SOUTHERN,Matara,Morawaka,Pitabeddara
SOUTHERN,Matara,Morawaka,Morawaka
SOUTHERN,Matara,Akuressa,Akuressa North
SOUTHERN,Matara,Akuressa,Akuressa West
SOUTHERN,Matara,Akuressa,Akuressa East
SOUTHERN,Matara,Wilpita,Wilpita North
SOUTHERN,Matara,Wilpita,Wilpita South
SOUTHERN,Matara,Ransagoda,Ransagoda
SOUTHERN,Matara,Deiyandara,Deiyandara South
SOUTHERN,Matara,Deiyandara,Deiyandara North
SOUTHERN,Matara,Hakmana,Hakmana South
SOUTHERN,Matara,Hakmana,Hakmana East
SOUTHERN,Matara,Hakmana,Hakmana North
SOUTHERN,Matara,Kamburupitiya,Kamburupitiya Central
SOUTHERN,Matara,Kamburupitiya,Kamburupitiya West
SOUTHERN,Matara,Kananke,Kananke
SOUTHERN,Matara,Malimbada,Malimbada
SOUTHERN,Matara,Malimbada,Malimbada North
SOUTHERN,Matara,Weligama,Borala
SOUTHERN,Matara,Weligama,Denipitiya
SOUTHERN,Matara,Medaviyangoda,Yatiyana West
SOUTHERN,Matara,Medaviyangoda,Yatiyana South
SOUTHERN,Matara,Medaviyangoda,Yatiyana North
SOUTHERN,Matara,Thalalla,Dandeniya West
SOUTHERN,Matara,Thalalla,Thalalla
SOUTHERN,Matara,Kirinda Puhulwella,Kirinda Puhulwella
SOUTHERN,Matara,Dandeniya,Dandeniya
SOUTHERN,Matara,Kekanadura,Kekanadura North
SOUTHERN,Matara,Kekanadura,Kekanadura South
SOUTHERN,Matara,Madihagodagama,Madihagodagama
SOUTHERN,Matara,Mirissa,Mirissa
SOUTHERN,Matara,Mirissa,Pathegama
SOUTHERN,Hambantota,Katuwana,Katuwana
SOUTHERN,Hambantota,Katuwana,Middeniya
SOUTHERN,Hambantota,Walasmulla,Warapitiya
SOUTHERN,Hambantota,Walasmulla,Omara
SOUTHERN,Hambantota,Walasmulla,Walasmulla
SOUTHERN,Hambantota,Moradawana,Kanumuldeniya
SOUTHERN,Hambantota,Moradawana,Moradawana
SOUTHERN,Hambantota,Weeraketiya,Weeraketiya
SOUTHERN,Hambantota,Weeraketiya,Bedigama
SOUTHERN,Hambantota,Beliatta,Waharakgoda
SOUTHERN,Hambantota,Beliatta,Galagama
SOUTHERN,Hambantota,Beliatta,Beliatta
SOUTHERN,Hambantota,Netolpitiya,Tangalle
SOUTHERN,Hambantota,Netolpitiya,Netolpitiya
SOUTHERN,Hambantota,Netolpitiya,Kattakaduwa
SOUTHERN,Hambantota,Udayala,Udayala
SOUTHERN,Hambantota,Udayala,Attanayala
SOUTHERN,Hambantota,Meegasara,Meegasara
SOUTHERN,Hambantota,Meegasara,Wekandhawala
SOUTHERN,Hambantota,Agunakolapelessa,Agunakolapelessa South
SOUTHERN,Hambantota,Agunakolapelessa,Agunakolapelessa North
SOUTHERN,Hambantota,Lunama,IP
SOUTHERN,Hambantota,Meegahajadura,Meegahajadura West
SOUTHERN,Hambantota,Meegahajadura,Mayurapura
SOUTHERN,Hambantota,Meegahajadura,Meegahajadura East
SOUTHERN,Hambantota,Badagiriya,Badagiriya
SOUTHERN,Hambantota,Badagiriya,Hambantota
SOUTHERN,Hambantota,Weerawila,IP
SOUTHERN,Hambantota,Yodakandiya,Tissamaharama
SOUTHERN,Hambantota,Yodakandiya,Yodakandiya
SOUTHERN,Hambantota,Beralihela,IP
NORTH CENTRAL,Anuradhapura,Rajanganaya Left (IP),Abhayapura (IP)
NORTH CENTRAL,Anuradhapura,Rajanganaya Left (IP),Parakumpura (IP)
NORTH CENTRAL,Anuradhapura,Rajanganaya Left (IP),SaliyaAshokapura (IP)
NORTH CENTRAL,Anuradhapura,Rajanganaya Left (IP),Jayanthipura (IP)
NORTH CENTRAL,Anuradhapura,Rajanganaya Right (IP),Rajanganaya (IP)
NORTH CENTRAL,Anuradhapura,Rajanganaya Right (IP),Angamuwa (IP)
NORTH CENTRAL,Anuradhapura,Rajanganaya Right (IP),Adhikaripura (IP)
NORTH CENTRAL,Anuradhapura,Rajanganaya Right (IP),Puththalam Junction (IP)
NORTH CENTRAL,Anuradhapura,Usgala (IP),Usgala Left (IP)
NORTH CENTRAL,Anuradhapura,Usgala (IP),Usgala Right (IP)
NORTH CENTRAL,Anuradhapura,Neela Bamma (IP),Neela Bamma - Left Bank (IP)
NORTH CENTRAL,Anuradhapura,Neela Bamma (IP),Neela Bamma - Right Bank (IP)
NORTH CENTRAL,Anuradhapura,Galenbidunuwawa (IP),Dutuwawa (IP)
NORTH CENTRAL,Anuradhapura,Galenbidunuwawa (IP),Galenbidunuwawa (IP)
NORTH CENTRAL,Anuradhapura,Galenbidunuwawa (IP),Kiulekada (IP)
NORTH CENTRAL,Anuradhapura,Galenbidunuwawa (IP),Gomarankalla (IP)
NORTH CENTRAL,Anuradhapura,Galenbidunuwawa (IP),Padikaramaduwa (IP)
NORTH CENTRAL,Anuradhapura,Galenbidunuwawa (IP),Upuldeniya (IP)
NORTH CENTRAL,Anuradhapura,Galenbidunuwawa (IP),Mailagaswawa (IP)
NORTH CENTRAL,Anuradhapura,Galenbidunuwawa (IP),Getalawa (IP)
NORTH CENTRAL,Anuradhapura,Galenbidunuwawa (IP),Manankattiya (IP)
NORTH CENTRAL,Anuradhapura,Rabewa (IP),Rabewa Left Bank (IP)
NORTH CENTRAL,Anuradhapura,Rabewa (IP),Pandukabhayapura (IP)
NORTH CENTRAL,Anuradhapura,Rabewa (IP),Rabewa Right Bank (IP)
NORTH CENTRAL,Anuradhapura,Rabewa (IP),Wahamalgollewa (IP)
NORTH CENTRAL,Anuradhapura,Padawiya (IP),Mahasenpura (IP)
NORTH CENTRAL,Anuradhapura,Padawiya (IP),Balayawawa (IP)
NORTH CENTRAL,Anuradhapura,Padawiya (IP),Padawiya (IP)
NORTH CENTRAL,Anuradhapura,Padawiya (IP),Parakramapura (IP)
NORTH CENTRAL,Anuradhapura,Wahalkada (IP),Wahalkada (IP)
NORTH CENTRAL,Anuradhapura,Kabithigollewa (IP),Kabithigollewa (IP)
NORTH CENTRAL,Anuradhapura,Horowpathana (IP),Horowpathana (IP)
NORTH CENTRAL,Anuradhapura,Nachchaduwa (IP),Nachchaduwa (IP)
NORTH CENTRAL,Anuradhapura,Nachchaduwa (IP),Madawalagama (IP)
NORTH CENTRAL,Anuradhapura,Nachchaduwa (IP),Divulwawa (IP)
NORTH CENTRAL,Anuradhapura,Nachchaduwa (IP),Hidogama (IP)
NORTH CENTRAL,Anuradhapura,Nachchaduwa (IP),Shravasthipura (IP)
NORTH CENTRAL,Anuradhapura,Nuwarawawa (IP),Pahiyankadawala (IP)
NORTH CENTRAL,Anuradhapura,Nuwarawawa (IP),Thisawawa (IP)
NORTH CENTRAL,Anuradhapura,Nuwarawawa (IP),Nuwarawawa (IP)
NORTH CENTRAL,Anuradhapura,Wilachchiya (IP),Wilachchiya - Right Bank (IP)
NORTH CENTRAL,Anuradhapura,Wilachchiya (IP),Wilachchiya - Left Bank (IP)
NORTH CENTRAL,Anuradhapura,Dewahuwa (IP),Dewahuwa (IP)
NORTH CENTRAL,Anuradhapura,Dewahuwa (IP),Budugehinna (IP)
EASTERN,Ampara,Mayadunna (IP),Mayadunna (IP)
EASTERN,Ampara,Mayadunna (IP),Rajagalatenna (IP)
EASTERN,Ampara,Mayadunna (IP),Galapitagala (IP)
EASTERN,Ampara,Mayadunna (IP),Werankatagoda (IP)
EASTERN,Ampara,Mayadunna (IP),Walagampura (IP)
EASTERN,Ampara,Uhana (IP),Galahitiyagoda (IP)
EASTERN,Ampara,Uhana (IP),Kumarigama (IP)
EASTERN,Ampara,Uhana (IP),Udayagiriya (IP)
EASTERN,Ampara,Uhana (IP),Himidurawa (IP)
EASTERN,Ampara,Central Camp (IP),Tissapura (IP)
EASTERN,Ampara,Central Camp (IP),Weeragoda (IP)
EASTERN,Ampara,Central Camp (IP),Veheragama (IP)
EASTERN,Ampara,Central Camp (IP),Buddangala (IP)
EASTERN,Ampara,Central Camp (IP),Udayapura (IP)
EASTERN,Ampara,Namalthalawa (IP),Paragahakele (IP)
EASTERN,Ampara,Namalthalawa (IP),Abagahawalla (IP)
EASTERN,Ampara,Namalthalawa (IP),Wavinna  (IP)
EASTERN,Ampara,Namalthalawa (IP),Bodagolla (IP)
EASTERN,Ampara,Namalthalawa (IP),Namalthalawa - Ampara (IP)
EASTERN,Ampara,Namalthalawa (IP),Namaloya (IP)
EASTERN,Ampara,Pallanoya (IP),Dewalahinda (IP)
EASTERN,Ampara,Pallanoya (IP),Wadinagala (IP)
EASTERN,Ampara,Pallanoya (IP),Kethsirigama (IP)
EASTERN,Ampara,Pallanoya (IP),Koknahara  (IP)
EASTERN,Ampara,Damana (IP),Pahalalanda (IP)
EASTERN,Ampara,Damana (IP),Padagoda  (IP)
EASTERN,Ampara,Damana (IP),Galmaduwa (IP)
EASTERN,Ampara,Damana (IP),Higurana (IP)
EASTERN,Ampara,Damana (IP),Keenawatta (IP)
EASTERN,Ampara,Damana (IP),Damana (IP)
EASTERN,Ampara,Thottama (IP),Madawalalanda (IP)
EASTERN,Ampara,Thottama (IP),Weheragala   (IP)
EASTERN,Ampara,Thottama (IP),Mahanagapura (IP)
EASTERN,Ampara,Thottama (IP),Eggaloya (IP)
EASTERN,Ampara,Thottama (IP),Pannalgama (IP)
EASTERN,Ampara,Thottama (IP),Thibirigolla (IP)
EASTERN,Ampara,Sammanthurai (IP),Sammanthurai North (IP)
EASTERN,Ampara,Sammanthurai (IP),Sammanthurai West (IP)
EASTERN,Ampara,Sammanthurai (IP),Block J-1 (IP)
EASTERN,Ampara,Sammanthurai (IP),Block J-2 (IP)
EASTERN,Ampara,Malwatta (IP),Malwatta - North (IP)
EASTERN,Ampara,Malwatta (IP),Malwatta - East  (IP)
EASTERN,Ampara,Malwatta (IP),Malwatta - South (IP)
EASTERN,Ampara,Malwatta (IP),Malwatta - West  (IP)
EASTERN,Ampara,Annamalai (IP),Chavalakadai  (IP)
EASTERN,Ampara,Annamalai (IP),Central Camp - East (IP)
EASTERN,Ampara,Annamalai (IP),Annamalai (IP)
EASTERN,Ampara,Annamalai (IP),Sorikalmunai (IP)
EASTERN,Ampara,Irakkamam (IP),Kuduvil (IP)
EASTERN,Ampara,Irakkamam (IP),Irakkamam (IP)
EASTERN,Ampara,Irakkamam (IP),Varipathanchenai (IP)
EASTERN,Ampara,Irakkamam (IP),Wankamam (IP)
EASTERN,Ampara,Alimnahar (IP),Alimnagar (IP)
EASTERN,Ampara,Alimnahar (IP),Ilukkuchchenai (IP)
EASTERN,Ampara,Akkaraipattu - West (IP),Issankerni chemai (IP)
EASTERN,Ampara,Akkaraipattu - West (IP),Pallikkudiyiruppu (IP)
EASTERN,Ampara,Akkaraipattu - West (IP),Paddiyadipitty (IP)
EASTERN,Ampara,Akkaraipattu - West (IP),4th Mile Post (IP)
EASTERN,Ampara,Addalachenai (IP),Addalachchenai East (IP)
EASTERN,Ampara,Addalachenai (IP),Sampunahar (IP)
EASTERN,Ampara,Addalachenai (IP),Alamkulam (IP)
EASTERN,Ampara,Palamunai (IP),Palamunai (IP)
EASTERN,Ampara,Palamunai (IP),Oluvil (IP)
EASTERN,Ampara,Palamunai (IP),Deegawapiya (IP)
EASTERN,Ampara,Akkaraipattu - East (IP),Akkaraipattu - East (IP)
EASTERN,Ampara,Akkaraipattu - East (IP),Alayadivembu (IP)
EASTERN,Ampara,Akkaraipattu - East (IP),Kannagipuram (IP)
EASTERN,Ampara,Akkaraipattu - East (IP),Aligambai (IP)
EASTERN,Ampara,Thambiluvil (IP),Sagamam (IP)
EASTERN,Ampara,Thambiluvil (IP),Vinayagapuram (IP)
EASTERN,Ampara,Thambiluvil (IP),Thandiyadi (IP)
EASTERN,Ampara,Thambiluvil (IP),Thambiluvil (IP)
EASTERN,Ampara,Komari (IP),Komari - 1 (IP)
EASTERN,Ampara,Komari (IP),Komari - 2 (IP)
EASTERN,Ampara,Pottuvil (IP),Senkamam (IP)
EASTERN,Ampara,Pottuvil (IP),Rottai (IP)
EASTERN,Ampara,Pottuvil (IP),Pottuvil (IP)
EASTERN,Ampara,Pottuvil (IP),Kirankovai (IP)
EASTERN,Ampara,Pottuvil (IP),Ullai (IP)
EASTERN,Ampara,Ninthavur (IP),Ninthavur North (IP)
EASTERN,Ampara,Ninthavur (IP),Ninthavur central (IP)
EASTERN,Ampara,Ninthavur (IP),Ninthavur South  (IP)
EASTERN,Ampara,Ninthavur (IP),Ninthavur East - West (IP)
EASTERN,Ampara,Karaithivu (IP),Karaithivu North (IP)
EASTERN,Ampara,Karaithivu (IP),Karaithivu  South (IP)
EASTERN,Ampara,Karaithivu (IP),Karaithivu (IP)
EASTERN,Ampara,Sainthamaruthu (IP),Sainthamaruthu North (IP)
EASTERN,Ampara,Sainthamaruthu (IP),Sainthamaruthu West (IP)
EASTERN,Ampara,Kalmunai (IP),Kalmunai North (IP)
EASTERN,Ampara,Kalmunai (IP),Kalmunai South (IP)
EASTERN,Ampara,Neelawanai (IP),Neelawanai (IP)
EASTERN,Ampara,Neelawanai (IP),Pandiruppu (IP)
EASTERN,Ampara,Chenaikudy iruppu (IP),Chenaikudiyiruppu  (IP)
EASTERN,Ampara,Chenaikudy iruppu (IP),Natpittimunai (IP)
